drift_std,reward_std,method,final_regret_per_decision,final_regret_per_decision_ci_low,final_regret_per_decision_ci_high,final_regret_per_decision_minus_sample_average,final_regret_per_decision_minus_sample_average_ci_low,final_regret_per_decision_minus_sample_average_ci_high,total_regret,total_regret_ci_low,total_regret_ci_high,total_regret_minus_sample_average,total_regret_minus_sample_average_ci_low,total_regret_minus_sample_average_ci_high,final_reward,final_reward_ci_low,final_reward_ci_high,final_reward_minus_sample_average,final_reward_minus_sample_average_ci_low,final_reward_minus_sample_average_ci_high,final_optimal_fraction,final_optimal_fraction_ci_low,final_optimal_fraction_ci_high,final_optimal_fraction_minus_sample_average,final_optimal_fraction_minus_sample_average_ci_low,final_optimal_fraction_minus_sample_average_ci_high
0,0.5,sample average,0.1543643481170737,0.15211674351075408,0.15661195272339332,0.0,0.0,0.0,1604.636990072629,1582.5918128949056,1626.6821672503524,0.0,0.0,0.0,1.3862246146308774,1.3626284303449998,1.409820798916755,0.0,0.0,0.0,0.885264,0.8788696925380866,0.8916583074619135,0.0,0.0,0.0
0,0.5,alpha=0.003,0.47822180352999943,0.45951916164883017,0.4969244454111687,0.32385745541292565,0.30576829468267447,0.34194661614317684,5740.453584365161,5533.898380432289,5947.008788298033,4135.816594292533,3938.812120575888,4332.821068009179,1.0617694511562852,1.0379980056700193,1.085540896642551,-0.3244551634745922,-0.34258575253707324,-0.30632457441211114,0.41750199999999993,0.3979924874675776,0.43701151253242226,-0.46776200000000007,-0.4882875356714096,-0.44723646432859054
0,0.5,alpha=0.01,0.216147461480317,0.2097466379816885,0.2225482849789455,0.061783113363243304,0.05569240641617371,0.0678738203103129,3727.4271163102626,3623.4525373418646,3831.4016952786606,2122.7901262376336,2026.683193102693,2218.8970593725744,1.324280744937574,1.3005552622864625,1.3480062275886855,-0.06194386969330348,-0.06805014600527957,-0.05583759338132739,0.6878615,0.671117131272539,0.704605868727461,-0.19740249999999998,-0.2147110945146806,-0.18009390548531937
0,0.5,alpha=0.03,0.1546708233695379,0.15245402657598464,0.15688762016309118,0.0003064752524641979,-0.0008429823299771139,0.0014559328349055096,2285.115992993424,2240.0161208539675,2330.21586513288,680.4790029207951,645.6913933140785,715.2666125275117,1.3856604472792677,1.3620281766710212,1.4092927178875143,-0.0005641673516096221,-0.0017978164924180849,0.0006694817891988407,0.8785005000000001,0.872768690350784,0.8842323096492163,-0.006763500000000002,-0.0133903136104653,-0.00013668638953470355
0,0.5,alpha=0.1,0.16010024636835668,0.1579289742904307,0.16227151844628265,0.0057358982512829846,0.004519103582206406,0.006952692920359563,1787.553515717042,1762.0368590775297,1813.0701723565544,182.91652564441318,171.47611019104042,194.35694109778595,1.3806461827942584,1.3569410323619926,1.4043513332265243,-0.005578431836619044,-0.0068708175885768205,-0.0042860460846612675,0.8526555,0.8467889705636135,0.8585220294363866,-0.032608500000000006,-0.03942417228195354,-0.02579282771804647
0,0.5,alpha=0.3,0.17247916254133583,0.17049904569727997,0.17445927938539169,0.018114814424262143,0.01664629658252796,0.019583332265996324,1777.2252579660776,1758.76602546772,1795.6844904644352,172.58826789344866,162.9693589386894,182.20717684820792,1.3680895026199984,1.3440711534742196,1.3921078517657772,-0.018135112010878925,-0.01968800097409477,-0.01658222304766308,0.7988105,0.7919073714988388,0.8057136285011611,-0.08645350000000002,-0.0939870765550903,-0.07891992344490974
0,0.5,alpha=0.5,0.1896336259707954,0.18775071759626769,0.1915165343453231,0.03526927785372169,0.0334310171379522,0.037107538569491186,1927.7072469311365,1911.6867011158931,1943.72779274638,323.0702568585078,310.0620957664443,336.07841795057124,1.3504801046551442,1.3261512321362434,1.374808977174045,-0.035744509975733044,-0.03763999809024725,-0.03384902186121884,0.7535485,0.7456812427333886,0.7614157572666113,-0.1317155,-0.14000118451153437,-0.12342981548846567
0.001,0.5,sample average,0.15730833383109954,0.15503490880409454,0.15958175885810455,0.0,0.0,0.0,1623.443922987177,1601.661861452141,1645.2259845222131,0.0,0.0,0.0,1.3911534062666466,1.3672435576742137,1.4150632548590796,0.0,0.0,0.0,0.858694,0.8503597020784655,0.8670282979215345,0.0,0.0,0.0
0.001,0.5,alpha=0.003,0.4820573243036277,0.4628848364779598,0.5012298121292956,0.32474899047252814,0.306185352526287,0.3433126284187693,5738.4387991584035,5532.100419632522,5944.777178684285,4114.994876171226,3917.880454085592,4312.109298256859,1.0657278873509244,1.0420339496610982,1.0894218250407506,-0.32542551891572213,-0.3440283097855008,-0.30682272804594346,0.413188,0.3939175383437587,0.4324584616562413,-0.445506,-0.46599204646652853,-0.4250199535334715
0.001,0.5,alpha=0.01,0.21933287304351878,0.21272687682587219,0.22593886926116538,0.06202453921241926,0.05572361200150429,0.06832546642333423,3738.878514233209,3634.8622278785388,3842.894800587879,2115.434591246032,2018.8555075817358,2212.0136749103285,1.3291141406349194,1.305127949795985,1.353100331473854,-0.06203926563172716,-0.06836197108371773,-0.055716560179736585,0.68237,0.6658159447119529,0.6989240552880471,-0.176324,-0.1933842076596035,-0.1592637923403965
0.001,0.5,alpha=0.03,0.15570070030026473,0.1534644394037089,0.15793696119682055,-0.001607633530834836,-0.002854373627443026,-0.0003608934342266461,2287.694356663301,2242.456697741653,2332.9320155849487,664.2504336761236,629.1342890320117,699.3665783202356,1.3923673203780862,1.368480014725832,1.4162546260303404,0.001213914111439511,-0.00012374115345122733,0.002551569376330249,0.8731030000000001,0.8671721553420605,0.8790338446579397,0.014408999999999998,0.007156936040650878,0.02166106395934912
0.001,0.5,alpha=0.1,0.16113899173068102,0.15892998210278747,0.16334800135857458,0.0038306578995814886,0.002521182374642845,0.0051401334245201324,1793.0038758762983,1767.457695984176,1818.5500557684204,169.5599528891213,157.61195969529328,181.5079460829493,1.3874077884270597,1.3634448386037445,1.4113707382503748,-0.003745617839587106,-0.00513798060041384,-0.0023532550787603726,0.846323,0.8400901515813907,0.8525558484186094,-0.012371000000000007,-0.019968983518219744,-0.004773016481780271
0.001,0.5,alpha=0.3,0.17331755877801883,0.17130904677403863,0.17532607078199902,0.01600922494691929,0.014466143575912641,0.017552306317925936,1781.1444721254134,1762.6617434653613,1799.6272007854654,157.7005491382363,148.21369309846347,167.18740517800916,1.3750490200723957,1.3507662031956955,1.399331836949096,-0.016104386194250944,-0.01772966250496274,-0.014479109883539149,0.7926439999999999,0.7852374796450305,0.8000505203549693,-0.06605000000000001,-0.07407916337379192,-0.0580208366262081
0.001,0.5,alpha=0.5,0.19003658545443977,0.18813023998961467,0.19194293091926487,0.03272825162334024,0.03084569307319079,0.034610810173489694,1930.687067222088,1914.7420091553877,1946.6321252887883,307.243144234911,294.5152009975981,319.97108747222387,1.3580882010484765,1.3335134947850766,1.3826629073118764,-0.033065205218170086,-0.03501173144675923,-0.031118678989580942,0.7525695000000001,0.7446555047220962,0.760483495277904,-0.10612450000000001,-0.11494402139880458,-0.09730497860119544
0.003,0.5,sample average,0.18487239081322288,0.18118284594477208,0.18856193568167368,0.0,0.0,0.0,1771.55856384114,1749.2116908065727,1793.9054368757074,0.0,0.0,0.0,1.4226900062674999,1.397183974332262,1.4481960382027377,0.0,0.0,0.0,0.7718035,0.7588051637073516,0.7848018362926483,0.0,0.0,0.0
0.003,0.5,alpha=0.003,0.4892331442468924,0.4689721420410868,0.5094941464526981,0.30436075343366953,0.2844626695198188,0.32425883734752026,5707.013558948862,5504.663532715725,5909.363585181999,3935.4549951077215,3740.1115279788464,4130.798462236597,1.1174434307463088,1.0932710070011629,1.1416158544914548,-0.3052465755211911,-0.32520098169455647,-0.28529216934782575,0.4247405,0.40572250301610374,0.4437584969838963,-0.347063,-0.36835950153429775,-0.32576649846570227
0.003,0.5,alpha=0.01,0.23047466933975086,0.22350410426958298,0.23744523440991874,0.04560227852652798,0.038697959237237164,0.05250659781581879,3775.8752975816865,3672.66345577786,3879.087139385513,2004.3167337405462,1906.7382859872678,2101.8951814938246,1.3771041385162055,1.3520591131424293,1.4021491638899817,-0.04558586775129457,-0.05251143022294414,-0.038660305279645,0.672654,0.6563971770407908,0.6889108229592091,-0.09914949999999999,-0.11531238950500544,-0.08298661049499453
0.003,0.5,alpha=0.03,0.16385235259431097,0.16151764569259752,0.16618705949602441,-0.021020038218911928,-0.02439124352956645,-0.017648832908257406,2351.5400072571906,2306.7004068937795,2396.3796076206017,579.9814434160505,542.3974391515238,617.5654476805772,1.443302909354606,1.4183786142318822,1.4682272044773297,0.02061290308710577,0.017200407200539777,0.02402539897367176,0.8554870000000001,0.8486655684539129,0.8623084315460873,0.08368350000000001,0.07216430735647149,0.09520269264352853
0.003,0.5,alpha=0.1,0.16759528737108922,0.16527631932317066,0.1699142554190078,-0.01727710344213366,-0.02066267253678229,-0.013891534347485034,1828.7949157594828,1803.2866578727003,1854.3031736462653,57.2363519183426,39.99374691908481,74.47895691760039,1.4401636508382838,1.415197381180225,1.4651299204963426,0.017473644570783813,0.014046092284269205,0.02090119685729842,0.840978,0.834633382665811,0.847322617334189,0.0691745,0.05714815919447877,0.08120084080552123
0.003,0.5,alpha=0.3,0.17875166556520963,0.17664205430100646,0.1808612768294128,-0.0061207252480132545,-0.00948186136439235,-0.0027595891316341574,1811.2178133862496,1792.6212762163395,1829.8143505561598,39.65924954510956,26.38651551469919,52.93198357551993,1.4289930039066399,1.403733576817079,1.4542524309962006,0.006302997639139951,0.0028947572749396496,0.009711238003340252,0.7965734999999999,0.7894856214310442,0.8036613785689557,0.02476999999999999,0.013280557932345312,0.03625944206765467
0.003,0.5,alpha=0.5,0.19382092027339365,0.19184925318588364,0.19579258736090366,0.008948529460170778,0.005527668668221681,0.012369390252119876,1953.6686800047864,1937.787868613123,1969.5494913964499,182.1101161636462,167.70409843084835,196.51613389644407,1.4134944187502332,1.3879726589813641,1.4390161785191022,-0.009195587517266901,-0.012640438146373298,-0.0057507368881605046,0.7602470000000001,0.7526013033127891,0.7678926966872112,-0.011556500000000016,-0.023145256372685524,3.225637268548971e-05
0.01,0.5,sample average,0.39785525960178114,0.38382262396515116,0.41188789523841113,0.0,0.0,0.0,3044.297250754979,2991.154881134104,3097.439620375854,0.0,0.0,0.0,1.7559263444118824,1.7186727476453536,1.7931799411784113,0.0,0.0,0.0,0.59894,0.5819807547408442,0.6158992452591558,0.0,0.0,0.0
0.01,0.5,alpha=0.003,0.603499941598051,0.5793220330057393,0.6276778501903627,0.20564468199626992,0.1806104823195914,0.23067888167294845,6399.052058861541,6211.550223658473,6586.553894064608,3354.754808106561,3164.810381261473,3544.699234951649,1.5496469292101696,1.5153809765306887,1.5839128818896504,-0.20627941520171295,-0.23136753345565753,-0.18119129694776837,0.4537595,0.4355396780341222,0.4719793219658778,-0.1451805,-0.1646866785801129,-0.12567432141988708
0.01,0.5,alpha=0.01,0.37309221653997227,0.3607089505044459,0.38547548257549863,-0.024763043061808893,-0.039164726725300615,-0.010361359398317173,4546.1529043165765,4440.890099703784,4651.415708929369,1501.8556535615971,1393.2854385463181,1610.4258685768762,1.7808254995589679,1.7471585342678926,1.8144924648500431,0.0248991551470853,0.01045512701623239,0.03934318327793821,0.6093905,0.5928031064069416,0.6259778935930583,0.0104505,-0.0047147624601060496,0.02561576246010605
0.01,0.5,alpha=0.03,0.2506415552942389,0.24587965956239366,0.2554034510260842,-0.14721370430754224,-0.16101080080358793,-0.13341660781149656,2950.3212055721347,2904.9243229144863,2995.718088229783,-93.97604518284425,-155.63793657454246,-32.31415379114602,1.9032696352007736,1.8700750439235465,1.9364642264780008,0.1473432907888912,0.13350979067570012,0.16117679090208226,0.7692765,0.7581879305143749,0.7803650694856251,0.1703365,0.1556028857021628,0.1850701142978372
0.01,0.5,alpha=0.1,0.22580098298167653,0.22261191504904737,0.2289900509143057,-0.17205427662010464,-0.18627922244039397,-0.15782933079981531,2191.090252174398,2165.4598647884995,2216.720639560296,-853.206998580581,-909.2112548237086,-797.2027423374533,1.9289375432843583,1.8961523165994698,1.9617227699692468,0.1730111988724759,0.15876147617791575,0.18726092156703605,0.8387660000000001,0.8327642800166242,0.8447677199833761,0.239826,0.22369845669864355,0.25595354330135645
0.01,0.5,alpha=0.3,0.2303222510687919,0.227370089208156,0.2332744129294278,-0.16753300853298925,-0.18174342402419852,-0.15332259304177998,2104.084202778255,2083.363897610153,2124.8045079463573,-940.2130479767238,-994.9389484608546,-885.4871474925931,1.9240775654816593,1.8911042972655803,1.9570508336977384,0.1681512210697769,0.15392555615574416,0.18237688598380963,0.8221665,0.8164994443289578,0.8278335556710422,0.2232265,0.2073698886143932,0.23908311138560678
0.01,0.5,alpha=0.5,0.2409842454591696,0.2382510828426324,0.2437174080757068,-0.15687101414261156,-0.1711610747023116,-0.14258095358291153,2215.1610650122743,2196.7307510406395,2233.591378983909,-829.1361857427047,-882.8926818913226,-775.3796895940868,1.9131139037115545,1.879861335376049,1.9463664720470601,0.15718755929967215,0.14287524388409553,0.17149987471524877,0.794911,0.7885146613777546,0.8013073386222455,0.195971,0.18006157358944191,0.2118804264105581
0.03,0.5,sample average,1.1686124540848286,1.1224461403993629,1.2147787677702944,0.0,0.0,0.0,8290.497530144636,8121.54827518929,8459.446785099983,0.0,0.0,0.0,3.574488480207296,3.4884436567609063,3.6605333036536853,0.0,0.0,0.0,0.5072235,0.48984404558054034,0.5246029544194597,0.0,0.0,0.0
0.03,0.5,alpha=0.003,1.4267801984186625,1.3702956837163913,1.4832647131209338,0.2581677443338341,0.19919787743414652,0.3171376112335217,11927.017520572359,11645.037862920892,12208.997178223826,3636.5199904277224,3344.243866450674,3928.796114404771,3.3157865293248747,3.2387197284182085,3.392853330231541,-0.25870195088242115,-0.317688829990179,-0.1997150717746633,0.428017,0.41046249361016995,0.44557150638983,-0.0792065,-0.09614735476801278,-0.062265645231987216
0.03,0.5,alpha=0.01,0.9770468812566255,0.9418930871390532,1.012200675374198,-0.1915655728282032,-0.2348137405581988,-0.14831740509820757,8952.607290878292,8778.634569362777,9126.580012393806,662.1097607336577,473.43083077148367,850.7886906958317,3.7657529923071076,3.6910281381868133,3.840477846427402,0.19126451209981157,0.14799456559789406,0.23453445860172908,0.5501214999999999,0.533574465605877,0.5666685343941229,0.042898,0.028476827793084657,0.05731917220691534
0.03,0.5,alpha=0.03,0.6566059983155805,0.6405882195424795,0.6726237770886816,-0.5120064557692481,-0.5567369207452132,-0.467275990793283,6070.54734681207,5993.184196011737,6147.910497612403,-2219.950183332565,-2378.887970049746,-2061.0123966153838,4.086367984874803,4.013350779851377,4.159385189898229,0.5118795046675068,0.46715589067546126,0.5566031186595523,0.68302,0.6695422697200147,0.6964977302799852,0.17579650000000002,0.1605152902660681,0.19107770973393196
0.03,0.5,alpha=0.1,0.5193427158924088,0.511769158185895,0.5269162735989226,-0.6492697381924198,-0.6954124105142911,-0.6031270658705485,4297.939576855041,4260.79989340826,4335.079260301823,-3992.5579532895945,-4161.113818188347,-3824.002088390842,4.224091883940315,4.152782175835446,4.2954015920451845,0.6496034037330194,0.6034628590179411,0.6957439484480977,0.804241,0.7966535147101476,0.8118284852898524,0.2970175,0.2805639115932516,0.31347108840674837
0.03,0.5,alpha=0.3,0.48950517109735253,0.48279661436809496,0.4962137278266101,-0.6791072829874761,-0.7253684549450934,-0.6328461110298589,3773.637738230465,3738.6350256961723,3808.6404507647576,-4516.85979191417,-4688.908471137334,-4344.811112691006,4.253933941656606,4.182985196570957,4.324882686742255,0.6794454614493106,0.6331917013782452,0.725699221520376,0.8457315,0.841310791687003,0.850152208312997,0.338508,0.32187777838219234,0.3551382216178076
0.03,0.5,alpha=0.5,0.4898503816781985,0.4832420054149273,0.4964587579414697,-0.6787620724066302,-0.7250590721593274,-0.632465072653933,3778.3466749680015,3744.5248100660106,3812.1685398699924,-4512.150855176633,-4683.963903797191,-4340.337806556075,4.253031259578249,4.181992447305779,4.324070071850718,0.6785427793709528,0.6322410584736079,0.7248445002682976,0.8440145,0.8397072896162834,0.8483217103837166,0.336791,0.32014716197456716,0.35343483802543285
0,1.0,sample average,0.15609185564460556,0.15383534693674772,0.1583483643524634,0.0,0.0,0.0,1659.471452310013,1637.093554575876,1681.8493500441502,0.0,0.0,0.0,1.3850147385252458,1.361348832764014,1.4086806442864777,0.0,0.0,0.0,0.8660965000000002,0.8576729294241426,0.8745200705758577,0.0,0.0,0.0
0,1.0,alpha=0.003,0.44277899398720755,0.42483937288751267,0.4607186150869024,0.286687138342602,0.2693453451599754,0.30402893152522864,5188.160282701249,4992.185098815573,5384.135466586926,3528.6888303912365,3340.8192893307873,3716.5583714516856,1.0964651363584377,1.0727910949606485,1.1201391777562268,-0.28854960216680836,-0.30598642774939255,-0.27111277658422417,0.440505,0.4209198474037221,0.46009015259627783,-0.4255915,-0.44664020243397584,-0.4045427975660242
0,1.0,alpha=0.01,0.20081297443312768,0.19514603144850545,0.2064799174177499,0.044721118788522106,0.039431484627458394,0.05001075294958582,3405.5235733409254,3306.0316825721816,3505.015464109669,1746.0521210309118,1653.5370207788794,1838.5672212829443,1.3399927521099748,1.3164527961782742,1.3635327080416755,-0.04502198641527093,-0.05040590303817334,-0.039638069792368516,0.7204369999999999,0.7046309727303863,0.7362430272696134,-0.14565949999999997,-0.1624591353440488,-0.12885986465595115
0,1.0,alpha=0.03,0.15915133952083277,0.15698358222247932,0.16131909681918621,0.003059483876227226,0.0016637096016177918,0.004455258150836661,2146.6205305853473,2106.417873025644,2186.8231881450506,487.1490782753343,456.1904620734492,518.1076944772194,1.3810307949928962,1.3572152368222947,1.4048463531634976,-0.003983943532349875,-0.00565222564311511,-0.002315661421584641,0.845801,0.8382044724835124,0.8533975275164877,-0.020295500000000008,-0.028991262130968344,-0.01159973786903167
0,1.0,alpha=0.1,0.1771398407922268,0.17504126421955898,0.17923841736489463,0.021047985147621233,0.019265294923055048,0.022830675372187418,1872.7467499433276,1852.007207184971,1893.486292701684,213.27529763331455,199.53381975058184,227.01677551604726,1.3640704463889133,1.3399293046790262,1.3882115880988004,-0.020944292136332362,-0.022944468699872978,-0.018944115572791746,0.7851745,0.7768187722684543,0.7935302277315457,-0.08092200000000002,-0.09038345561292822,-0.07146054438707182
0,1.0,alpha=0.3,0.22835358429168812,0.22614884663934842,0.2305583219440278,0.07226172864708257,0.06956295700390028,0.07496050029026485,2320.695199798272,2306.315213571232,2335.0751860253117,661.223747488259,640.6790259127903,681.7684690637278,1.3129990413691326,1.2881152315880398,1.3378828511502254,-0.0720156971561133,-0.07488077707267614,-0.06915061723955047,0.6895840000000001,0.6807614157034761,0.698406584296524,-0.17651250000000004,-0.1865132887250275,-0.16651171127497258
0,1.0,alpha=0.5,0.2913548760316186,0.2886567307467301,0.29405302131650707,0.135263020387013,0.13181790135562907,0.1387081394183969,2944.9966958341656,2927.733483736007,2962.259907932324,1285.5252435241525,1258.777089815709,1312.2733972325962,1.248903811451194,1.2235345284066637,1.2742730944957241,-0.13611092707405203,-0.13969737522478043,-0.13252447892332364,0.6150180000000001,0.6060329986619599,0.6240030013380402,-0.25107850000000004,-0.2615064844306747,-0.24065051556932537
0.001,1.0,sample average,0.15860621069735759,0.1562821316414558,0.16093028975325938,0.0,0.0,0.0,1673.9293119849408,1651.7594179464859,1696.0992060233957,0.0,0.0,0.0,1.3902693674008224,1.366290533844893,1.4142482009567519,0.0,0.0,0.0,0.8520665000000002,0.8431494205686317,0.8609835794313686,0.0,0.0,0.0
0.001,1.0,alpha=0.003,0.44125273372125595,0.4229675046586615,0.4595379627838504,0.28264652302389837,0.264943423395637,0.30034962265215975,5172.3850387763805,4975.604276570408,5369.165800982353,3498.4557267914397,3309.563623815926,3687.3478297669535,1.1058655978242473,1.0821857919935443,1.1295454036549504,-0.28440376957657487,-0.30220770231455696,-0.2665998368385928,0.445648,0.42627812352733035,0.4650178764726696,-0.4064185,-0.42720043557460613,-0.3856365644253939
0.001,1.0,alpha=0.01,0.20364982863876696,0.1978600743593652,0.20943958291816872,0.045043617941409334,0.03962577869198141,0.05046145719083726,3408.424201935063,3309.192388218333,3507.6560156517935,1734.4948899501217,1642.0213766462387,1826.9684032540047,1.345315866839178,1.3215027162639161,1.36912901741444,-0.04495350056164419,-0.050463509524912596,-0.039443491598375784,0.7154665,0.6999237862550821,0.7310092137449179,-0.1366,-0.15240160494097216,-0.12079839505902785
0.001,1.0,alpha=0.03,0.16053274254020133,0.15835177612227133,0.16271370895813134,0.0019265318428437058,0.0004008813135468305,0.003452182372140581,2155.979010473976,2115.621040444906,2196.3369805030457,482.0496984890347,450.65132371674594,513.4480732613235,1.3878740258976399,1.363794017579473,1.4119540342158068,-0.0023953415031824532,-0.004163633165175906,-0.0006270498411890006,0.8409670000000001,0.8333838918982459,0.8485501081017544,-0.011099500000000007,-0.019762504897963003,-0.0024364951020370094
0.001,1.0,alpha=0.1,0.178101117569735,0.17597168115219783,0.1802305539872722,0.019494906872377385,0.017621544205786405,0.021368269538968365,1879.1890076917455,1858.464350405248,1899.9136649782429,205.2596957068045,191.57084463077837,218.94854678283065,1.3712648311292168,1.346869523705331,1.3956601385531027,-0.01900453627160524,-0.02108740086326328,-0.016921671679947202,0.7791115,0.7704434273724043,0.7877795726275956,-0.072955,-0.08256814961612223,-0.06334185038387778
0.001,1.0,alpha=0.3,0.22835729335960803,0.22616467634014395,0.2305499103790721,0.06975108266225041,0.06703682845063688,0.07246533687386394,2317.8692500261914,2303.856383258585,2331.8821167937976,643.9399380412507,623.8067992564859,664.0730768260155,1.320392963704308,1.2952607801579343,1.3455251472506815,-0.06987640369651422,-0.07274883931323418,-0.06700396807979427,0.6841675,0.6750667875331182,0.6932682124668819,-0.167899,-0.17785945418394636,-0.15793854581605363
0.001,1.0,alpha=0.5,0.2895552697401296,0.2868500593568913,0.29226048012336786,0.13094905904277193,0.127468710036733,0.13442940804881087,2940.515997601933,2923.7508135363314,2957.281181667535,1266.5866856169919,1239.926139665514,1293.2472315684697,1.2582447749387675,1.2326780924114868,1.2838114574660482,-0.13202459246205467,-0.1356489613197018,-0.12840022360440753,0.6159975,0.6069938863990655,0.6250011136009345,-0.23606900000000003,-0.24650528692115267,-0.22563271307884739
0.003,1.0,sample average,0.18576224800878668,0.18196801410330393,0.18955648191426944,0.0,0.0,0.0,1823.5357023883196,1800.0697375694754,1847.0016672071638,0.0,0.0,0.0,1.4222119225857046,1.3966888148220766,1.4477350303493326,0.0,0.0,0.0,0.768916,0.7557920462208588,0.7820399537791413,0.0,0.0,0.0
0.003,1.0,alpha=0.003,0.45797282353252483,0.43855174167446215,0.4773939053905875,0.2722105755237382,0.25307242056260854,0.2913487304848678,5248.806721052824,5052.786517243515,5444.826924862134,3425.2710186645054,3235.1271597912196,3615.414877537791,1.1480933596532574,1.1237550254768205,1.1724316938296944,-0.27411856293244713,-0.2933601356460023,-0.254876990218892,0.4533965,0.4343830094965476,0.47240999050345234,-0.3155195,-0.33670491281879983,-0.2943340871812002
0.003,1.0,alpha=0.01,0.21603497222588827,0.2098669341053395,0.22220301034643705,0.03027272421710162,0.024296624325190308,0.03624882410901293,3453.925709934095,3356.158376671989,3551.6930431962005,1630.390007545775,1537.8731761920174,1722.9068388995327,1.391744657066237,1.3668198170020758,1.4166694971303984,-0.030467265519467556,-0.03653612206723041,-0.0243984089717047,0.7025855000000001,0.6872095186768293,0.7179614813231708,-0.0663305,-0.08137890755883373,-0.05128209244116627
0.003,1.0,alpha=0.03,0.16697747544753358,0.16468014569657732,0.16927480519848984,-0.018784772561253108,-0.022304554929720097,-0.01526499019278612,2206.183313722739,2166.235822382023,2246.130805063455,382.64761133441925,348.2305270661404,417.0646956026981,1.4403299338772604,1.4152646679542678,1.465395199800253,0.01811801129155586,0.014448186432933737,0.021787836150177983,0.8366270000000001,0.8290741836580543,0.8441798163419459,0.067711,0.05568303837890881,0.07973896162109118
0.003,1.0,alpha=0.1,0.1824534537153728,0.18023454235683745,0.18467236507390816,-0.003308794293413854,-0.006816667885110308,0.00019907929828260045,1910.3883568553563,1889.5651692881586,1931.211544422554,86.85265446703669,68.72906316113733,104.97624577293604,1.4259368802224146,1.4006096804747479,1.4512640799700813,0.0037249576367097198,8.249700107365674e-05,0.007367418272345783,0.7869355,0.778884477465631,0.794986522534369,0.018019499999999987,0.005929998060904917,0.030109001939095055
0.003,1.0,alpha=0.3,0.23181391780703625,0.22957823949406567,0.23404959612000684,0.0460516697982496,0.042063225374157284,0.05004011422234192,2340.559296279286,2327.640045469362,2353.47854708921,517.0235938909664,495.6421218313269,538.4050659506058,1.3760053089702637,1.349881505474265,1.4021291124662625,-0.046206613615441025,-0.05032608554893201,-0.04208714168195004,0.6932035,0.6844294232559143,0.7019775767440857,-0.07571250000000003,-0.08794193867667888,-0.06348306132332118
0.003,1.0,alpha=0.5,0.29390283525036387,0.29113808254295087,0.29666758795777687,0.10814058724157721,0.103591786316623,0.11268938816653143,2949.4695955791194,2935.066256056129,2963.8729351021098,1125.9338931907998,1098.2411389558067,1153.626647425793,1.3137480706367948,1.287151424250374,1.3403447170232154,-0.10846385194890974,-0.1131036625143926,-0.10382404138342688,0.6231705000000001,0.6143966077507605,0.6319443922492396,-0.14574550000000003,-0.15813591411173308,-0.13335508588826697
0.01,1.0,sample average,0.40520616784397057,0.39085596498473263,0.4195563707032085,0.0,0.0,0.0,3113.749224139843,3058.211194928758,3169.2872533509285,0.0,0.0,0.0,1.7492330067937518,1.711931451731474,1.7865345618560295,0.0,0.0,0.0,0.5909719999999999,0.5738871337903981,0.6080568662096018,0.0,0.0,0.0
0.01,1.0,alpha=0.003,0.6014497969223309,0.5771217619649833,0.6257778318796785,0.19624362907836038,0.17081332137751928,0.22167393677920147,6120.27886774258,5936.558665526878,6303.999069958281,3006.5296436027356,2819.706761537223,3193.3525256682483,1.551177062835483,1.5169176074811415,1.5854365181898247,-0.1980559439582687,-0.22358649095071914,-0.17252539696581826,0.45684299999999994,0.4386783996710867,0.4750076003289132,-0.134129,-0.1534947682971897,-0.1147632317028103
0.01,1.0,alpha=0.01,0.3629754271704843,0.35105812150633564,0.374892732834633,-0.04223074067348626,-0.0563175290141037,-0.028143952332868823,4296.885370369997,4197.064385622235,4396.706355117759,1183.136146230155,1078.8910294224218,1287.3812630378882,1.791590278221419,1.7577998932110315,1.8253806632318066,0.042357271427667556,0.02821346681805407,0.056501076037281044,0.6232880000000001,0.6069997151368889,0.6395762848631112,0.032316000000000004,0.01700509291355669,0.04762690708644332
0.01,1.0,alpha=0.03,0.24559256990418415,0.24129881048199744,0.24988632932637087,-0.1596135979397864,-0.1739413591761756,-0.14528583670339723,2770.4470277031,2729.743197995251,2811.150857410949,-343.3021964367434,-404.96793273313256,-281.6364601403542,1.9089037744757784,1.8757209640650299,1.942086584886527,0.15967076768202676,0.14528587171104734,0.17405566365300618,0.777725,0.7672102355925408,0.7882397644074592,0.18675299999999997,0.17116697480634072,0.20233902519365923
0.01,1.0,alpha=0.1,0.23580783168249964,0.23272215838296903,0.23889350498203024,-0.16939833616147099,-0.18400066623317443,-0.15479600608976754,2229.5676797896367,2207.394783380084,2251.7405761991895,-884.1815443502062,-941.770842284324,-826.5922464160884,1.9199957047597447,1.8869141611685183,1.953077248350971,0.17076269796599303,0.15610300491541326,0.1854223910165728,0.8090905,0.8020168360663592,0.8161641639336409,0.2181185,0.2017096614400199,0.2345273385599801
0.01,1.0,alpha=0.3,0.2707812788133996,0.26812333763697555,0.2734392199898236,-0.13442488903057095,-0.14885348927654488,-0.11999628878459703,2549.409732753116,2534.862075726604,2563.9573897796276,-564.3394913867274,-619.5213559192435,-509.1576268542113,1.8844218657898402,1.8505603859971957,1.9182833455824846,0.13518885899608843,0.12072022114081463,0.14965749685136223,0.746978,0.7394572124480855,0.7544987875519146,0.156006,0.1403426117493629,0.1716693882506371
0.01,1.0,alpha=0.5,0.3166806233444103,0.31394100666197144,0.3194202400268491,-0.08852554449956031,-0.10303044118933385,-0.07402064780978676,3074.0918592078815,3062.4084252876773,3085.7752931280857,-39.65736493196155,-94.60611468044426,15.291384816521159,1.8381892450579043,1.8037046931519174,1.8726737969638911,0.08895623826415273,0.07441542909101631,0.10349704743728916,0.690532,0.6822598937495212,0.6988041062504788,0.09955999999999997,0.08390067517084554,0.1152193248291544
0.03,1.0,sample average,1.1826542174004888,1.135488009557136,1.2298204252438416,0.0,0.0,0.0,8404.887914631761,8230.335690654976,8579.440138608546,0.0,0.0,0.0,3.56111872130941,3.475562746262668,3.646674696356152,0.0,0.0,0.0,0.5040905,0.486694871230717,0.521486128769283,0.0,0.0,0.0
0.03,1.0,alpha=0.003,1.4337141208994368,1.3773053009759184,1.4901229408229553,0.2510599034989481,0.19268421809683564,0.30943558890106054,11861.522145540346,11577.264382419404,12145.779908661289,3456.634230908585,3162.247268030503,3751.0211937866666,3.3091373716389936,3.233115251219179,3.385159492058808,-0.2519813496704168,-0.31043164673613455,-0.19353105260469902,0.42616999999999994,0.40864692388605445,0.44369307611394543,-0.0779205,-0.0948761887213487,-0.060964811278651304
0.03,1.0,alpha=0.01,0.9621754290202714,0.9277062961192394,0.9966445619213035,-0.22047878838021734,-0.26515973373330537,-0.1757978430271293,8784.233368694377,8615.993128850847,8952.473608537906,379.34545406261617,188.9427557908307,569.7481523344017,3.781527249923783,3.7062851471186287,3.8567693527289375,0.22040852861437304,0.17568208100988197,0.2651349762188641,0.5572294999999999,0.5407674339070756,0.5736915660929243,0.053139,0.038348150074042756,0.06792984992595724
0.03,1.0,alpha=0.03,0.6470059965510684,0.6314002446977928,0.662611748404344,-0.5356482208494204,-0.5816296419747707,-0.4896667997240702,5891.136000900977,5818.16997561105,5964.102026190903,-2513.7519137307836,-2678.327941179701,-2349.175886281866,4.0966277121493775,4.0236880463803235,4.1695673779184315,0.5355089908399677,0.4895476616770102,0.5814703200029252,0.690397,0.6772205646979517,0.7035734353020484,0.18630650000000004,0.17050297825797522,0.20211002174202486
0.03,1.0,alpha=0.1,0.5143543217899421,0.5070451576790747,0.5216634859008096,-0.6682998956105466,-0.7152641603163425,-0.6213356309047506,4180.1589618273765,4144.689645858332,4215.628277796421,-4224.728952804383,-4399.04343320038,-4050.4144724083862,4.230331704971714,4.159044890686241,4.301618519257188,0.6692129836623042,0.6222609844762346,0.7161649828483738,0.8098820000000001,0.8029242696295463,0.8168397303704539,0.3057915,0.2892430700600679,0.3223399299399321
0.03,1.0,alpha=0.3,0.5050663304535243,0.4986335469957347,0.511499113911314,-0.6775878869469646,-0.7247126584858594,-0.6304631154080698,3989.2183867529843,3957.288268802899,4021.1485047030696,-4415.669527878776,-4592.002119508328,-4239.336936249223,4.239676383417132,4.168318113631025,4.311034653203239,0.6785576621077226,0.631441063634376,0.7256742605810692,0.8193885000000001,0.8138706357595332,0.8249063642404669,0.315298,0.2986827946733692,0.3319132053266308
0.03,1.0,alpha=0.5,0.521636759598807,0.5156112164893017,0.5276623027083122,-0.6610174578016818,-0.7082326500305639,-0.6138022655727996,4260.038429009307,4231.986820154554,4288.09003786406,-4144.849485622453,-4320.3009867475175,-3969.3979844973896,4.221785716772194,4.149989368655325,4.293582064889064,0.6606669954627846,0.6134498552235819,0.7078841357019874,0.8007335000000001,0.7948935975008601,0.8065734024991401,0.296643,0.2800903104833481,0.3131956895166519
0,2.0,sample average,0.1593395765911431,0.15695032472741827,0.1617288284548679,0.0,0.0,0.0,1801.120067206299,1774.147921254183,1828.0922131584148,0.0,0.0,0.0,1.3821552190291042,1.3583196047559702,1.4059908333022382,0.0,0.0,0.0,0.845662,0.8356263949665046,0.8556976050334955,0.0,0.0,0.0
0,2.0,alpha=0.003,0.39204586337595926,0.37563713617817696,0.40845459057374156,0.23270628678481614,0.21679325365984645,0.24861931990978584,4614.709222413216,4436.026403769907,4793.392041056524,2813.589155206917,2641.3040050071477,2985.8743054066863,1.1486073211195729,1.124938111361156,1.1722765308779897,-0.23354789790953157,-0.2497158455379532,-0.21737995028110993,0.488918,0.4693163323905777,0.5085196676094224,-0.356744,-0.3782439231065519,-0.3352440768934481
0,2.0,alpha=0.01,0.1802996361009504,0.17610770085603786,0.18449157134586294,0.0209600595098073,0.017186293768330196,0.024733825251284404,2922.0364139362778,2836.7126200924663,3007.3602077800892,1120.9163467299788,1040.8516930375788,1200.9810004223789,1.3612439866269905,1.3375877740942386,1.3849001991597425,-0.02091123240211375,-0.025212765602339395,-0.016609699201888106,0.768232,0.7543557469265749,0.7821082530734251,-0.07743000000000001,-0.09253002388636405,-0.06232997611363598
0,2.0,alpha=0.03,0.1787347121721359,0.1762987477503925,0.1811706765938793,0.019395135580992873,0.016930824163885264,0.021859446998100482,2102.874779457114,2071.570694863752,2134.178864050476,301.7547122508155,272.4060984071783,331.10332609445265,1.3621441794517442,1.3376381502111379,1.3866502086923504,-0.020011039577360504,-0.023209805138718398,-0.01681227401600261,0.7758970000000001,0.7652463329574314,0.7865476670425687,-0.06976500000000002,-0.08198856807967787,-0.05754143192032217
0,2.0,alpha=0.1,0.24313371239770135,0.23988244341873977,0.24638498137666293,0.08379413580655827,0.07997063268481605,0.08761763892830049,2501.336730991148,2484.21297283621,2518.4604891460863,700.21666378485,672.368340274732,728.064987294968,1.2983525131527207,1.2730298128011934,1.323675213504248,-0.08380270587638372,-0.0881612870367409,-0.07944412471602653,0.6699550000000001,0.6594603715269299,0.6804496284730702,-0.17570700000000006,-0.1882755664978767,-0.16313843350212343
0,2.0,alpha=0.3,0.4194350862801094,0.4146273722668659,0.4242428002933529,0.2600955096889662,0.25485551816688196,0.2653355012110505,4247.4558001791975,4217.54820133381,4277.363399024585,2446.3357329728983,2408.238055349043,2484.4334105967537,1.1210293248130332,1.0954505239737224,1.146608125652344,-0.26112589421607135,-0.2668630610452029,-0.2553887273869398,0.509028,0.5000976663421061,0.517958333657894,-0.336634,-0.34843598286700633,-0.32483201713299364
0,2.0,alpha=0.5,0.5744959135831563,0.5682016926671982,0.5807901344991144,0.41515633699201315,0.4089764083174033,0.421336265666623,5777.913728193749,5731.694879285968,5824.13257710153,3976.7936609874505,3931.4768747260096,4022.1104472488914,0.9654971602515287,0.9411101199895382,0.9898842005135191,-0.4166580587775759,-0.42321996237479287,-0.4100961551803589,0.4140005,0.40633412671749064,0.42166687328250935,-0.43166150000000003,-0.4429253679160504,-0.42039763208394965
0.001,2.0,sample average,0.1641739206104323,0.1616012050180762,0.16674663620278837,0.0,0.0,0.0,1830.6822643996766,1803.3514655497888,1858.0130632495643,0.0,0.0,0.0,1.3855862425645677,1.3613911349858654,1.40978135014327,0.0,0.0,0.0,0.8196979999999999,0.8084692784127488,0.830926721587251,0.0,0.0,0.0
0.001,2.0,alpha=0.003,0.3912660858765772,0.37474894491026933,0.40778322684288504,0.2270921652661449,0.21102517630959022,0.24315915422269957,4624.210925877924,4445.256262105786,4803.1655896500615,2793.5286614782476,2620.4170566860666,2966.6402662704286,1.1575319072248966,1.1338525982698746,1.1812112161799186,-0.22805433533967132,-0.2443466871294607,-0.21176198354988193,0.4849125,0.46556398451128916,0.5042610154887108,-0.3347855,-0.35607245598970333,-0.3134985440102967
0.001,2.0,alpha=0.01,0.18286000029265512,0.17859865311875237,0.18712134746655787,0.01868607968222282,0.01471725150015869,0.022654907864286953,2908.628663262803,2824.2723239455527,2992.9850025800533,1077.946398863127,997.8856829712869,1158.007114754967,1.36640283825806,1.3424037893929828,1.3904018871231372,-0.019183404306507945,-0.023719512856459218,-0.014647295756556673,0.7613425,0.7476049595130034,0.7750800404869966,-0.0583555,-0.07339000737126974,-0.04332099262873026
0.001,2.0,alpha=0.03,0.1802137986057325,0.17770605018955046,0.18272154702191454,0.016039877995300215,0.013355867621550556,0.018723888369049875,2105.0941010736083,2073.548981657968,2136.6392204892486,274.4118366739316,244.08013149518834,304.74354185267487,1.3679816192565886,1.343259625507581,1.392703613005596,-0.01760462330797917,-0.02096138655516224,-0.014247860060796098,0.7718625000000001,0.761312026347333,0.7824129736526673,-0.04783550000000001,-0.05982987343104147,-0.03584112656895855
0.001,2.0,alpha=0.1,0.24459078417777705,0.2413104777946242,0.2478710905609299,0.08041686356734473,0.0764848504478192,0.08434887668687026,2494.587520075641,2478.0870097236384,2511.0880304276434,663.9052556759644,635.9343211337085,691.8761902182204,1.3062569141622615,1.2807144435429463,1.3317993847815768,-0.07932932840230648,-0.08372389989592373,-0.07493475690868924,0.6626935,0.6521282315416539,0.6732587684583462,-0.15700450000000002,-0.1693511400380354,-0.14465785996196465
0.001,2.0,alpha=0.3,0.4183537150304746,0.4134628109179152,0.42324461914303396,0.2541797944200423,0.24871917386529008,0.2596404149747945,4235.104091631934,4205.820595565262,4264.387587698607,2404.4218272322573,2365.808208745322,2443.0354457191925,1.1303349073410178,1.1044650409179502,1.1562047737640855,-0.25525133522355,-0.26120902912580274,-0.24929364132129722,0.5088885000000001,0.49980043591331164,0.5179765640866885,-0.3108095,-0.32282627474258774,-0.2987927252574123
0.001,2.0,alpha=0.5,0.5756260421252221,0.5692582632863026,0.5819938209641415,0.41145212151478977,0.4050537429075706,0.4178505001220089,5773.945836950429,5728.094876217259,5819.796797683599,3943.2635725507525,3896.407779780987,3990.119365320518,0.9728128828403778,0.9482359840510883,0.9973897816296673,-0.4127733597241901,-0.41962165239668103,-0.4059250670516992,0.41392700000000004,0.40631930354772805,0.42153469645227204,-0.405771,-0.41749444677551256,-0.3940475532244874
0.003,2.0,sample average,0.18962162014864806,0.18544619754696612,0.19379704275033,0.0,0.0,0.0,1973.4152893390785,1945.1191679731005,2001.7114107050566,0.0,0.0,0.0,1.4187222036144962,1.3930611788520593,1.4443832283769331,0.0,0.0,0.0,0.76351,0.7501555729409548,0.7768644270590452,0.0,0.0,0.0
0.003,2.0,alpha=0.003,0.40666346905233974,0.3892798161236954,0.4240471219809841,0.2170418489036917,0.19978350122935418,0.2343001965780292,4704.725570204947,4526.814253828143,4882.636886581751,2731.310280865868,2557.4384477027043,2905.182114029032,1.2016620142176406,1.1769388124639788,1.2263852159713025,-0.21706018939685567,-0.2345426584198596,-0.19957772037385174,0.4968155,0.47788096413911285,0.5157500358608872,-0.2666945,-0.2880498233807499,-0.2453391766192501
0.003,2.0,alpha=0.01,0.19692508918975493,0.19205381125221344,0.20179636712729643,0.007303469041106859,0.002105094288149421,0.012501843794064297,2988.8633563875474,2905.2688447840646,3072.45786799103,1015.4480670484686,935.1915092145825,1095.7046248823547,1.4117145194966283,1.3866553491398876,1.436773689853369,-0.0070076841178679265,-0.0126740205476027,-0.0013413476881331517,0.7411685,0.7271600564627567,0.7551769435372433,-0.022341500000000004,-0.036933359682469497,-0.007749640317530514
0.003,2.0,alpha=0.03,0.18527929557356493,0.1827054311685163,0.18785315997861354,-0.004342324575083155,-0.008550179182885205,-0.00013446996728110668,2138.9184123962214,2107.874528871098,2169.962295921345,165.50312305714274,133.16425928320302,197.84198683108247,1.4224011168576098,1.396726673446686,1.4480755602685336,0.0036789132431137845,-0.0010568774608265608,0.00841470394705413,0.7739975,0.7637998269450201,0.7841951730549799,0.010487499999999992,-0.0027312123816803716,0.023706212381680355
0.003,2.0,alpha=0.1,0.25004821521428905,0.24660958196588728,0.2534868484626908,0.060426595065640964,0.055301249570059136,0.0655519405612228,2522.994055018836,2507.462641333472,2538.5254687042,549.5787656797577,520.2043566548452,578.9531747046701,1.3598896657135124,1.3332858798463059,1.386493451580719,-0.05883253790098384,-0.06439030035943127,-0.0532747754425364,0.6652555,0.654747772055969,0.675763227944031,-0.09825450000000002,-0.1120274307061868,-0.08448156929381324
0.003,2.0,alpha=0.3,0.41796692714031974,0.41310586573798036,0.42282798854265913,0.2283453069916717,0.2219307316001901,0.23475988238315326,4231.194136298424,4205.010530062225,4257.377742534623,2257.778846959346,2217.852781899016,2297.704912019676,1.189145447253718,1.1622101341193487,1.2160807603880872,-0.2295767563607784,-0.23633478431491267,-0.22281872840664413,0.5204249999999999,0.5113431041439757,0.5295068958560242,-0.24308500000000002,-0.2564679146329586,-0.22970208536704145
0.003,2.0,alpha=0.5,0.5761707472927744,0.5698624827596028,0.582479011825946,0.38654912714412637,0.3791781368948414,0.3939201173934113,5773.089532226634,5730.751320126496,5815.427744326773,3799.6742428875555,3750.8951671724203,3848.4533186026906,1.0323504807533423,1.006488907283636,1.0582120542230486,-0.3863717228611538,-0.39409399296865527,-0.3786494527536523,0.4241635,0.41633710080777553,0.4319898991922245,-0.33934650000000005,-0.3526627374653409,-0.3260302625346592
0.01,2.0,sample average,0.4020757282796656,0.38756866546859786,0.4165827910907333,0.0,0.0,0.0,3288.5087041540305,3229.0789142124595,3347.9384940956015,0.0,0.0,0.0,1.7542526454815512,1.7170708500489773,1.7914344409141252,0.0,0.0,0.0,0.5966024999999999,0.579559139829231,0.6136458601707688,0.0,0.0,0.0
0.01,2.0,alpha=0.003,0.5762304621206515,0.5522971288653967,0.6001637953759064,0.1741547338409859,0.14906085408550399,0.1992486135964678,5774.9019603356255,5600.985390490919,5948.818530180332,2486.393256181594,2307.386312289837,2665.4002000733512,1.5778060113389574,1.5436962793726707,1.611915743305244,-0.17644663414259368,-0.20169986481169228,-0.15119340347349508,0.476239,0.4581038149879387,0.4943741850120614,-0.1203635,-0.1399529293456399,-0.10077407065436009
0.01,2.0,alpha=0.01,0.3310613554680168,0.3206806572336489,0.3414420537023847,-0.0710143728116488,-0.08541403434650527,-0.05661471127679232,3904.792583341905,3815.323064253622,3994.262102430188,616.2838791878743,519.4248055012475,713.142952874501,1.824807375261112,1.7910390709240296,1.8585756795981945,0.07055472977956057,0.055977632929109455,0.08513182663001168,0.6575515000000001,0.6420311188715114,0.6730718811284887,0.060948999999999996,0.04527097719750679,0.0766270228024932
0.01,2.0,alpha=0.03,0.2482869281582897,0.24425899147815372,0.2523148648384257,-0.15378880012137597,-0.16834461625817385,-0.1392329839845781,2592.8022391152917,2560.1509862628563,2625.453491967727,-695.7064650387391,-758.679849662321,-632.7330804151572,1.908303076470469,1.8747802152785147,1.9418259376624232,0.15405043098891757,0.13930412256098373,0.16879673941685142,0.773714,0.7636138504198694,0.7838141495801306,0.17711149999999998,0.16109586606287035,0.1931271339371296
0.01,2.0,alpha=0.1,0.28246666281741784,0.2790602766102879,0.28587304902454774,-0.11960906546224782,-0.1341637349158052,-0.10505439600869047,2721.1001050321493,2704.8551851300986,2737.3450249342,-567.4085991218815,-627.2193164448821,-507.5978817988808,1.8749983445564935,1.8408106133105253,1.9091860758024617,0.12074569907494216,0.10598825723852294,0.13550314091136137,0.729559,0.7203770432802208,0.7387409567197791,0.1329565,0.11696367959239018,0.14894932040760983
0.01,2.0,alpha=0.3,0.42638363649640176,0.42195325146202556,0.43081402153077797,0.02430790821673615,0.009451812675669257,0.039164003757803045,4280.613918770116,4263.2499519655785,4297.977885574653,992.1052146160845,929.7115428361404,1054.4988863960284,1.7297579058483377,1.6943757766741538,1.7651400350225215,-0.024494739633213622,-0.03956076281394984,-0.00942871645247741,0.602452,0.5934037160421787,0.6115002839578213,0.0058494999999999815,-0.009828365256931747,0.02152736525693171
0.01,2.0,alpha=0.5,0.5802936758851216,0.5744780622451554,0.5861092895250878,0.17821794760545595,0.16285160077497005,0.19358429443594186,5826.149137563262,5800.023717560079,5852.274557566446,2537.640433409231,2469.555589649597,2605.7252771688645,1.5756710951696526,1.5404857970388706,1.6108563933004347,-0.17858155031189857,-0.19412272302770114,-0.163040377596096,0.5131899999999999,0.5047134280798143,0.5216665719201855,-0.08341250000000003,-0.09912749657900742,-0.06769750342099264
0.03,2.0,sample average,1.2072002682870366,1.1586516597725853,1.255748876801488,0.0,0.0,0.0,8598.112428807746,8420.551383583426,8775.673474032066,0.0,0.0,0.0,3.5380546024680335,3.4527746905845746,3.6233345143514923,0.0,0.0,0.0,0.49687549999999997,0.4794377403942951,0.5143132596057048,0.0,0.0,0.0
0.03,2.0,alpha=0.003,1.4303784792838365,1.3743198996596673,1.4864370589080058,0.2231782109968,0.16502601169304318,0.28133041030055683,11657.115598177785,11384.076597115,11930.15459924057,3059.00316937004,2768.6039480681306,3349.402390671949,3.3131226900468844,3.236715658879733,3.389529721214036,-0.22493191242114874,-0.2832232247195138,-0.1666406001227837,0.4275749999999999,0.41009829355861577,0.4450517064413841,-0.0693005,-0.08639148796765521,-0.05220951203234479
0.03,2.0,alpha=0.01,0.9499409727804287,0.916171453498307,0.9837104920625503,-0.2572592955066079,-0.3020728166893398,-0.21244577432387607,8554.792532184834,8386.49150588636,8723.093558483308,-43.31989662291205,-234.9837475840572,148.34395433823312,3.7954126757534596,3.7206433897656632,3.870181961741256,0.2573580732854266,0.212402599081759,0.30231354748909417,0.5612864999999999,0.5448668662399911,0.5777061337600087,0.064411,0.04989694623307059,0.0789250537669294
0.03,2.0,alpha=0.03,0.6218373852358415,0.6080774431102685,0.6355973273614146,-0.5853628830511949,-0.6328005186511372,-0.5379252474512526,5570.046719791707,5504.986195806963,5635.107243776451,-3028.0657090160385,-3196.228100898716,-2859.903317133361,4.123216492557694,4.050442502007475,4.195990483107914,0.5851618900896608,0.5376397456819791,0.6326840344973425,0.7081755000000001,0.6957041866159799,0.7206468133840203,0.21130000000000002,0.19508760619872614,0.2275123938012739
0.03,2.0,alpha=0.1,0.5278854424152348,0.5207977866645348,0.5349730981659349,-0.6793148258718018,-0.7277026780165015,-0.6309269737271022,4290.001428918792,4258.2691026549,4321.733755182684,-4308.110999888952,-4485.642151792494,-4130.579847985411,4.219176391848316,4.147410943844865,4.290941839851766,0.6811217893802813,0.632713904573982,0.7295296741865807,0.7920865,0.7846506640104609,0.7995223359895391,0.29521099999999995,0.27851951077664094,0.31190248922335895
0.03,2.0,alpha=0.3,0.5750929729238393,0.5692698116767452,0.5809161341709335,-0.6321072953631972,-0.6806667294692685,-0.5835478612571259,5044.122891966583,5020.113222843479,5068.1325610896865,-3553.9895368411617,-3731.070621369749,-3376.9084523125744,4.1710267002283965,4.098024658899404,4.244028741557389,0.6329720977603638,0.5843224414596234,0.6816217540611041,0.7548125,0.747415616867145,0.762209383132855,0.25793699999999997,0.24135349437540585,0.2745205056245941
0.03,2.0,alpha=0.5,0.6558904041366507,0.6502795151659972,0.6615012931073041,-0.551309864150386,-0.5999807189417824,-0.5026390093589895,6177.068558097269,6156.597013905719,6197.540102288818,-2421.043870710477,-2597.799938524527,-2244.2878028964274,4.088308576702858,4.01421546833299,4.162401685072727,0.5502539742348258,0.5015367199780154,0.5989712284916362,0.7095589999999999,0.7018220736492858,0.717295926350714,0.21268349999999997,0.1961344740767909,0.22923252592320903
